{
    "classic": {
        "0.85": {
            "0": {
                "efficiency": 0.28958469725791226
            }
        }
    },
    "quantum": {
        "0.85": {
            "0": {
                "efficiency": 0.3591599185149181
            }
        }
    },
    "GNN": {
        "0.85": {
            "0": {
                "efficiency": 0.10879032605682
            }
        }
    }
}