{
    "quantum": {
        "0.4": {
            "0.85": {
                "0": 95.97607942015287
            }
        }
    },
    "classic": {
        "0.4": {
            "0.85": {
                "0": 94.05737555948223
            }
        }
    },
    "GNN": {
        "0.4": {
            "0.85": {
                "0": 95.80987721249047
            }
        }
    }
}