{
    "quantum": 0.8825868039641389,
    "classic": 0.8660366546785496,
    "GNN": 0.8012308934663791
}