{
    "classic": {
        "0.85": {
            "0": {
                "efficiency": 0.2970845408803218
            }
        }
    },
    "quantum": {
        "0.85": {
            "0": {
                "efficiency": 0.2426002269360948
            }
        }
    },
    "GNN": {
        "0.85": {
            "0": {
                "efficiency": 0.1825269274825992
            }
        }
    }
}