{
    "quantum": {
        "0.4": {
            "0.85": {
                "0": 80.36831213103092
            }
        }
    },
    "classic": {
        "0.4": {
            "0.85": {
                "0": 79.1738520701743
            }
        }
    },
    "GNN": {
        "0.4": {
            "0.85": {
                "0": 75.23562169373634
            }
        }
    }
}