{
    "quantum": 0.7821576601062735,
    "classic": 0.8043427171536056,
    "GNN": 0.6968922159537665
}