{
    "classic": {
        "0.85": {
            "0": {
                "efficiency": 0.21147687261157785
            }
        }
    },
    "quantum": {
        "0.85": {
            "0": {
                "efficiency": 0.2870057907427384
            }
        }
    },
    "GNN": {
        "0.85": {
            "0": {
                "efficiency": 0.07702399328602085
            }
        }
    }
}