{
    "quantum": {
        "0.4": {
            "0.85": {
                "0": 89.16065835005884
            }
        }
    },
    "classic": {
        "0.4": {
            "0.85": {
                "0": 87.50001985394354
            }
        }
    },
    "GNN": {
        "0.4": {
            "0.85": {
                "0": 88.1432558071122
            }
        }
    }
}