{
    "quantum": 0.9091084291299538,
    "classic": 0.8798188533602849,
    "GNN": 0.8109128210538938
}