{
    "classic": {
        "0.85": {
            "0": {
                "efficiency": 0.2048886972485011
            }
        }
    },
    "quantum": {
        "0.85": {
            "0": {
                "efficiency": 0.20575056331442793
            }
        }
    },
    "GNN": {
        "0.85": {
            "0": {
                "efficiency": 0.12658903924505144
            }
        }
    }
}