{
    "quantum": {
        "0.4": {
            "0.85": {
                "0": 97.70559874222509
            }
        }
    },
    "classic": {
        "0.4": {
            "0.85": {
                "0": 98.53747140368098
            }
        }
    },
    "GNN": {
        "0.4": {
            "0.85": {
                "0": 76.56999857546577
            }
        }
    }
}