{
    "quantum": 0.9243578387597982,
    "classic": 0.917162096377872,
    "GNN": 0.8481268082845506
}